"Date","Price","Open","High","Low","Vol.","Change %"
"Jan 05, 2021","6.76","6.47","6.91","6.47","15.72M","5.13%"
"Jan 04, 2021","6.43","6.35","6.54","6.33","2.21M","2.06%"
"Dec 31, 2020","6.30","6.36","6.51","6.23","7.67M","-1.25%"
"Dec 30, 2020","6.38","6.37","6.55","6.34","1.22M","0.16%"
"Dec 29, 2020","6.37","6.21","6.42","6.21","2.01M","1.59%"
"Dec 24, 2020","6.27","6.25","6.28","6.11","524.06K","0.16%"
"Dec 23, 2020","6.26","6.02","6.26","5.99","1.90M","4.16%"
"Dec 22, 2020","6.01","6.09","6.11","5.97","1.75M","-1.80%"
"Dec 21, 2020","6.12","5.60","6.14","5.60","2.04M","-2.86%"
"Dec 18, 2020","6.30","6.21","6.42","6.20","1.63M","0.96%"
"Dec 17, 2020","6.24","6.25","6.27","6.07","1.58M","0.48%"
"Dec 16, 2020","6.21","6.40","6.47","6.08","3.04M","-3.87%"
"Dec 15, 2020","6.46","6.50","6.57","6.31","3.56M","-0.15%"
"Dec 14, 2020","6.47","6.62","6.69","6.38","2.10M","-0.61%"
"Dec 11, 2020","6.51","6.60","6.64","6.38","1.71M","0.00%"
"Dec 10, 2020","6.51","6.25","6.53","6.18","3.22M","5.00%"
"Dec 09, 2020","6.20","6.25","6.34","6.08","2.44M","0.81%"
"Dec 08, 2020","6.15","5.85","6.18","5.84","2.32M","3.89%"
"Dec 07, 2020","5.92","5.80","6.03","5.70","2.44M","0.51%"
"Dec 04, 2020","5.89","5.71","5.92","5.70","2.34M","5.37%"
"Dec 03, 2020","5.59","5.52","5.68","5.42","1.85M","1.64%"
"Dec 02, 2020","5.50","5.20","5.65","5.18","2.76M","4.76%"
"Dec 01, 2020","5.25","5.34","5.47","5.20","1.77M","-0.38%"
"Nov 30, 2020","5.27","5.55","5.58","5.26","2.35M","-7.71%"
"Nov 27, 2020","5.71","5.63","5.72","5.57","1.58M","0.88%"
"Nov 26, 2020","5.66","5.60","5.74","5.58","932.37K","-0.70%"
"Nov 25, 2020","5.70","5.78","5.78","5.57","2.36M","-1.38%"
"Nov 24, 2020","5.78","5.61","5.89","5.60","4.02M","5.09%"
"Nov 23, 2020","5.50","5.01","5.50","5.01","3.28M","10.66%"
"Nov 20, 2020","4.97","4.87","5.02","4.78","1.64M","2.47%"
"Nov 19, 2020","4.85","4.80","4.89","4.77","2.05M","-0.61%"
"Nov 18, 2020","4.88","5.01","5.14","4.87","3.48M","-0.81%"
"Nov 17, 2020","4.92","4.67","4.94","4.63","3.96M","3.80%"
"Nov 16, 2020","4.74","4.64","4.76","4.64","1.83M","5.33%"
"Nov 13, 2020","4.50","4.27","4.52","4.27","1.78M","4.65%"
"Nov 12, 2020","4.30","4.49","4.58","4.25","2.48M","-6.11%"
"Nov 11, 2020","4.58","4.57","4.64","4.55","1.56M","1.33%"
"Nov 10, 2020","4.52","4.45","4.58","4.34","2.44M","1.35%"
"Nov 09, 2020","4.46","3.93","4.53","3.93","6.17M","21.53%"
"Nov 06, 2020","3.67","3.67","3.78","3.67","1.61M","-2.13%"
"Nov 05, 2020","3.75","3.80","3.85","3.71","2.01M","-0.27%"
"Nov 04, 2020","3.76","3.74","3.80","3.58","3.19M","1.35%"
"Nov 03, 2020","3.71","3.62","3.74","3.61","1.89M","4.51%"
"Nov 02, 2020","3.55","3.48","3.58","3.42","2.75M","3.50%"
"Oct 30, 2020","3.43","3.46","3.48","3.33","6.09M","-2.00%"
"Oct 29, 2020","3.50","3.37","3.51","3.28","14.34M","-1.96%"
"Oct 28, 2020","3.57","3.68","3.70","3.54","15.41M","-6.30%"
"Oct 27, 2020","3.81","3.59","3.84","3.58","5.22M","7.32%"
"Oct 26, 2020","3.55","3.60","3.63","3.32","12.45M","11.99%"
"Oct 23, 2020","3.17","3.20","3.26","3.14","2.20M","0.32%"
"Oct 22, 2020","3.16","3.06","3.18","3.05","1.53M","3.61%"
"Oct 21, 2020","3.05","3.12","3.17","3.04","1.47M","-2.87%"
"Oct 20, 2020","3.14","3.10","3.18","3.07","1.14M","1.29%"
"Oct 19, 2020","3.10","3.14","3.24","3.08","1.81M","-0.64%"
"Oct 16, 2020","3.12","3.15","3.24","3.10","2.42M","-2.19%"
"Oct 15, 2020","3.19","3.16","3.27","3.14","1.95M","-1.85%"
"Oct 14, 2020","3.25","3.32","3.37","3.21","1.99M","-1.22%"
"Oct 13, 2020","3.29","3.32","3.37","3.28","2.65M","-2.37%"
"Oct 09, 2020","3.37","3.38","3.41","3.28","2.11M","0.00%"
"Oct 08, 2020","3.37","3.20","3.41","3.17","2.60M","6.98%"
"Oct 07, 2020","3.15","3.12","3.18","3.11","2.11M","1.29%"
"Oct 06, 2020","3.11","3.19","3.22","3.06","2.18M","-0.32%"
"Oct 05, 2020","3.12","3.13","3.18","3.02","1.81M","2.30%"
"Oct 02, 2020","3.05","2.87","3.07","2.85","3.02M","3.04%"
"Oct 01, 2020","2.96","3.06","3.08","2.92","2.96M","-3.90%"
"Sep 30, 2020","3.08","3.06","3.19","3.05","2.42M","0.98%"
"Sep 29, 2020","3.05","3.17","3.17","3.03","2.19M","-4.39%"
"Sep 28, 2020","3.19","3.13","3.26","3.10","3.03M","3.91%"
"Sep 25, 2020","3.07","3.17","3.20","3.02","2.38M","-4.06%"
"Sep 24, 2020","3.20","3.11","3.30","3.05","2.49M","2.24%"
"Sep 23, 2020","3.13","3.31","3.33","3.12","2.83M","-4.86%"
"Sep 22, 2020","3.29","3.28","3.36","3.25","1.91M","0.92%"
"Sep 21, 2020","3.26","3.35","3.37","3.26","2.27M","-5.51%"
"Sep 18, 2020","3.45","3.50","3.52","3.40","5.37M","-1.99%"
"Sep 17, 2020","3.52","3.60","3.62","3.46","2.65M","-2.76%"
"Sep 16, 2020","3.62","3.65","3.71","3.60","3.37M","0.84%"
"Sep 15, 2020","3.59","3.69","3.76","3.58","2.40M","-1.91%"
"Sep 14, 2020","3.66","3.70","3.79","3.62","1.94M","-1.08%"
"Sep 11, 2020","3.70","3.69","3.72","3.60","1.76M","0.54%"
"Sep 10, 2020","3.68","3.86","3.91","3.65","2.64M","-4.66%"
"Sep 09, 2020","3.86","3.94","4.02","3.86","2.06M","-1.28%"
"Sep 08, 2020","3.91","4.07","4.10","3.90","2.48M","-6.68%"
"Sep 04, 2020","4.19","4.25","4.26","4.13","1.53M","-0.95%"
"Sep 03, 2020","4.23","4.19","4.39","4.19","1.59M","0.00%"
"Sep 02, 2020","4.23","4.36","4.42","4.18","2.14M","-3.42%"
"Sep 01, 2020","4.38","4.40","4.48","4.35","1.46M","-0.68%"
"Aug 31, 2020","4.41","4.55","4.55","4.41","1.64M","-3.50%"
"Aug 28, 2020","4.57","4.50","4.60","4.47","1.26M","1.33%"
"Aug 27, 2020","4.51","4.53","4.57","4.45","1.05M","-0.66%"
"Aug 26, 2020","4.54","4.66","4.66","4.48","1.27M","-2.37%"
"Aug 25, 2020","4.65","4.70","4.76","4.61","1.24M","0.00%"
"Aug 24, 2020","4.65","4.49","4.66","4.44","3.10M","4.73%"
"Aug 21, 2020","4.44","4.62","4.63","4.41","2.53M","-4.72%"
"Aug 20, 2020","4.66","4.72","4.75","4.61","1.83M","-2.71%"
"Aug 19, 2020","4.79","4.72","4.81","4.66","2.03M","1.27%"
"Aug 18, 2020","4.73","4.81","4.93","4.72","2.00M","-2.27%"
"Aug 17, 2020","4.84","4.78","4.85","4.75","1.60M","1.26%"
"Aug 14, 2020","4.78","4.74","4.80","4.70","1.71M","-0.83%"
"Aug 13, 2020","4.82","4.87","4.89","4.74","1.76M","-1.63%"
"Aug 12, 2020","4.90","4.91","4.93","4.80","2.31M","2.08%"
"Aug 11, 2020","4.80","4.89","5.00","4.77","2.21M","0.00%"
"Aug 10, 2020","4.80","4.68","4.85","4.65","2.64M","3.67%"
"Aug 07, 2020","4.63","4.66","4.68","4.57","1.60M","-1.28%"
"Aug 06, 2020","4.69","4.66","4.74","4.61","1.27M","0.64%"
"Aug 05, 2020","4.66","4.65","4.84","4.61","3.23M","3.10%"
"Aug 04, 2020","4.52","4.34","4.58","4.33","3.57M","4.87%"
"Jul 31, 2020","4.31","4.51","4.53","4.27","2.73M","-4.01%"
"Jul 30, 2020","4.49","4.61","4.62","4.47","2.17M","-4.87%"
"Jul 29, 2020","4.72","4.64","4.73","4.56","1.47M","1.94%"
"Jul 28, 2020","4.63","4.81","4.82","4.63","1.65M","-3.74%"
"Jul 27, 2020","4.81","4.77","4.83","4.72","2.31M","1.05%"
"Jul 24, 2020","4.76","4.73","4.84","4.68","3.04M","0.00%"
"Jul 23, 2020","4.76","4.77","4.80","4.63","1.36M","-0.63%"
"Jul 22, 2020","4.79","4.75","4.82","4.61","2.15M","-0.62%"
"Jul 21, 2020","4.82","4.58","4.84","4.57","3.27M","7.35%"
"Jul 20, 2020","4.49","4.57","4.62","4.46","1.87M","-2.81%"
"Jul 17, 2020","4.62","4.74","4.80","4.58","2.03M","-1.91%"
"Jul 16, 2020","4.71","4.53","4.76","4.49","3.41M","2.61%"
"Jul 15, 2020","4.59","4.51","4.59","4.46","2.69M","3.61%"
"Jul 14, 2020","4.43","4.23","4.45","4.14","2.71M","4.73%"
"Jul 13, 2020","4.23","4.26","4.30","4.16","2.05M","-0.94%"
"Jul 10, 2020","4.27","4.08","4.27","4.06","1.70M","3.89%"
"Jul 09, 2020","4.11","4.13","4.19","3.94","2.68M","-0.96%"
"Jul 08, 2020","4.15","4.18","4.28","4.11","2.05M","0.00%"
"Jul 07, 2020","4.15","4.35","4.40","4.14","4.58M","-5.25%"
"Jul 06, 2020","4.38","4.50","4.55","4.35","4.03M","-0.68%"
"Jul 03, 2020","4.41","4.50","4.53","4.40","962.90K","-2.65%"
"Jul 02, 2020","4.53","4.54","4.58","4.44","1.73M","1.57%"
"Jun 30, 2020","4.46","4.51","4.51","4.39","2.44M","-1.98%"
"Jun 29, 2020","4.55","4.37","4.59","4.32","1.83M","4.60%"
"Jun 26, 2020","4.35","4.51","4.53","4.27","2.47M","-3.76%"
"Jun 25, 2020","4.52","4.38","4.59","4.35","3.66M","1.80%"
"Jun 24, 2020","4.44","4.62","4.64","4.44","2.43M","-5.33%"
"Jun 23, 2020","4.69","4.77","4.82","4.63","2.81M","-0.21%"
"Jun 22, 2020","4.70","4.66","4.70","4.57","1.76M","0.64%"
"Jun 19, 2020","4.67","4.89","5.04","4.64","8.03M","-1.06%"
"Jun 18, 2020","4.72","4.74","4.89","4.65","2.20M","-0.84%"
"Jun 17, 2020","4.76","5.06","5.06","4.76","3.91M","-5.93%"
"Jun 16, 2020","5.06","5.28","5.34","5.02","4.33M","1.61%"
"Jun 15, 2020","4.98","4.70","5.01","4.61","3.42M","0.40%"
"Jun 12, 2020","4.96","5.00","5.05","4.83","5.14M","3.98%"
"Jun 11, 2020","4.77","4.95","5.21","4.72","6.31M","-11.67%"
"Jun 10, 2020","5.40","5.43","5.58","5.15","5.78M","-2.17%"
"Jun 09, 2020","5.52","5.75","5.84","5.41","5.81M","-7.54%"
"Jun 08, 2020","5.97","5.55","6.05","5.51","9.92M","12.01%"
"Jun 05, 2020","5.33","4.99","5.38","4.84","8.13M","16.38%"
"Jun 04, 2020","4.58","4.43","4.62","4.30","3.83M","4.33%"
"Jun 03, 2020","4.39","4.26","4.42","4.22","5.10M","4.52%"
"Jun 02, 2020","4.20","4.12","4.25","4.10","3.26M","2.94%"
"Jun 01, 2020","4.08","3.92","4.14","3.83","5.22M","5.15%"
"May 29, 2020","3.88","4.13","4.13","3.86","29.46M","-7.40%"
"May 28, 2020","4.19","4.32","4.32","4.15","4.83M","-3.46%"
"May 27, 2020","4.34","4.28","4.36","4.17","3.79M","1.64%"
"May 26, 2020","4.27","4.15","4.29","4.08","3.77M","4.66%"
"May 25, 2020","4.08","4.15","4.21","4.03","1.82M","-0.97%"
"May 22, 2020","4.12","4.07","4.13","3.96","3.33M","-1.44%"
"May 21, 2020","4.18","4.36","4.42","4.16","3.28M","-3.02%"
"May 20, 2020","4.31","3.98","4.32","3.95","5.66M","10.51%"
"May 19, 2020","3.90","3.95","3.98","3.84","4.52M","6.56%"
"May 15, 2020","3.66","3.64","3.76","3.57","3.24M","1.10%"
"May 14, 2020","3.62","3.60","3.72","3.38","4.35M","-0.82%"
"May 13, 2020","3.65","4.01","4.02","3.63","8.15M","-9.65%"
"May 12, 2020","4.04","4.07","4.15","4.03","3.04M","0.50%"
"May 11, 2020","4.02","4.07","4.07","3.95","2.10M","-1.71%"
"May 08, 2020","4.09","4.02","4.12","3.97","3.23M","3.54%"
"May 07, 2020","3.95","4.09","4.13","3.95","3.26M","0.00%"
"May 06, 2020","3.95","4.14","4.15","3.92","3.80M","-4.59%"
"May 05, 2020","4.14","4.25","4.31","4.11","3.62M","2.73%"
"May 04, 2020","4.03","4.03","4.19","3.90","3.98M","-3.82%"
"May 01, 2020","4.19","4.32","4.44","4.15","3.50M","-6.26%"
"Apr 30, 2020","4.47","4.28","4.48","3.98","7.04M","9.02%"
"Apr 29, 2020","4.10","3.77","4.15","3.76","9.99M","12.02%"
"Apr 28, 2020","3.66","3.61","3.74","3.54","3.92M","2.23%"
"Apr 27, 2020","3.58","3.56","3.60","3.39","3.91M","-0.83%"
"Apr 24, 2020","3.61","3.90","3.90","3.60","3.96M","-5.25%"
"Apr 23, 2020","3.81","3.94","4.02","3.77","4.40M","-0.78%"
"Apr 22, 2020","3.84","3.82","3.85","3.72","3.21M","4.63%"
"Apr 21, 2020","3.67","3.54","3.69","3.42","4.77M","-0.27%"
"Apr 20, 2020","3.68","3.50","3.80","3.41","5.83M","-2.65%"
"Apr 17, 2020","3.78","3.65","3.85","3.62","5.22M","5.00%"
"Apr 16, 2020","3.60","4.00","4.07","3.60","3.51M","-9.55%"
"Apr 15, 2020","3.98","4.16","4.24","3.95","5.60M","-9.13%"
"Apr 14, 2020","4.38","4.54","4.63","4.25","5.36M","-4.99%"
"Apr 13, 2020","4.61","4.95","4.99","4.61","6.29M","-3.56%"
"Apr 09, 2020","4.78","5.01","5.09","4.47","5.70M","0.21%"
"Apr 08, 2020","4.77","4.33","4.90","4.33","5.69M","10.67%"
"Apr 07, 2020","4.31","4.42","4.62","4.26","4.97M","1.41%"
"Apr 06, 2020","4.25","4.11","4.32","4.00","3.87M","4.94%"
"Apr 03, 2020","4.05","4.35","4.37","3.85","5.25M","1.00%"
"Apr 02, 2020","4.01","3.81","4.35","3.77","7.79M","9.86%"
"Apr 01, 2020","3.65","3.46","3.74","3.33","4.62M","3.11%"
"Mar 31, 2020","3.54","3.36","3.73","3.30","6.63M","10.28%"
"Mar 30, 2020","3.21","3.13","3.36","2.93","5.69M","0.00%"
"Mar 27, 2020","3.21","3.37","3.43","3.06","5.26M","-10.34%"
"Mar 26, 2020","3.58","3.58","3.87","3.45","4.79M","-0.56%"
"Mar 25, 2020","3.60","3.20","3.82","3.14","6.19M","14.29%"
"Mar 24, 2020","3.15","3.26","3.26","3.00","3.63M","9.76%"
"Mar 23, 2020","2.87","2.85","3.18","2.83","4.69M","-4.65%"
"Mar 20, 2020","3.01","3.48","3.56","2.87","12.50M","7.89%"
"Mar 19, 2020","2.79","2.48","2.85","2.48","10.59M","16.25%"
"Mar 18, 2020","2.40","2.50","2.59","2.21","4.89M","-8.05%"
"Mar 17, 2020","2.61","2.93","2.93","2.55","6.51M","-8.42%"
"Mar 16, 2020","2.85","2.80","3.15","2.65","4.95M","-10.38%"
"Mar 13, 2020","3.18","3.21","3.30","2.92","11.31M","10.80%"
"Mar 12, 2020","2.87","3.05","3.19","2.79","12.90M","-13.55%"
"Mar 11, 2020","3.32","3.65","3.75","3.27","5.31M","-8.79%"
"Mar 10, 2020","3.64","4.50","4.50","3.50","10.29M","4.00%"
"Mar 09, 2020","3.50","3.55","4.46","3.35","7.85M","-30.56%"
"Mar 06, 2020","5.04","5.59","5.70","4.98","4.46M","-12.50%"
"Mar 05, 2020","5.76","6.06","6.09","5.71","3.21M","-6.34%"
"Mar 04, 2020","6.15","6.16","6.25","6.02","1.83M","0.99%"
"Mar 03, 2020","6.09","6.47","6.52","6.02","3.54M","-5.73%"
"Mar 02, 2020","6.46","6.55","6.56","6.18","3.20M","1.10%"
"Feb 28, 2020","6.39","6.40","6.54","6.12","4.83M","-5.19%"
"Feb 27, 2020","6.74","6.63","6.85","6.31","2.29M","-5.73%"
"Feb 26, 2020","7.15","7.45","7.56","7.15","3.30M","-3.90%"
"Feb 25, 2020","7.44","7.76","7.76","7.42","3.72M","-4.12%"
"Feb 24, 2020","7.76","7.87","7.87","7.56","2.62M","-3.72%"
"Feb 21, 2020","8.06","8.24","8.24","8.05","2.26M","-3.12%"
"Feb 20, 2020","8.32","8.29","8.34","8.09","2.03M","1.09%"
"Feb 19, 2020","8.23","8.08","8.26","8.07","2.62M","1.86%"
"Feb 18, 2020","8.08","8.23","8.29","8.03","2.56M","-2.42%"
"Feb 14, 2020","8.28","8.28","8.30","8.21","1.60M","0.61%"
"Feb 13, 2020","8.23","8.28","8.36","8.19","1.16M","-0.72%"
"Feb 12, 2020","8.29","8.35","8.45","8.21","3.85M","0.97%"
"Feb 11, 2020","8.21","8.30","8.38","8.18","3.57M","0.00%"
"Feb 10, 2020","8.21","8.42","8.42","8.15","2.61M","-3.07%"
"Feb 07, 2020","8.47","8.61","8.66","8.40","1.89M","-2.53%"
"Feb 06, 2020","8.69","8.88","8.91","8.60","1.97M","-2.69%"
"Feb 05, 2020","8.93","8.63","8.96","8.59","1.37M","4.94%"
"Feb 04, 2020","8.51","8.80","8.81","8.51","1.79M","-1.28%"
"Feb 03, 2020","8.62","8.63","8.69","8.52","2.68M","0.12%"
"Jan 31, 2020","8.61","8.88","8.88","8.58","2.20M","-3.69%"
"Jan 30, 2020","8.94","8.92","9.14","8.91","1.48M","-1.22%"
"Jan 29, 2020","9.05","9.18","9.22","8.99","1.31M","-0.88%"
"Jan 28, 2020","9.13","9.15","9.26","9.09","1.49M","0.33%"
"Jan 27, 2020","9.10","8.90","9.12","8.82","2.00M","-0.55%"
"Jan 24, 2020","9.15","9.11","9.15","8.97","1.18M","-0.33%"
"Jan 23, 2020","9.18","9.05","9.20","8.96","1.52M","0.44%"
"Jan 22, 2020","9.14","9.21","9.24","9.11","2.17M","-1.08%"
"Jan 21, 2020","9.24","9.64","9.68","9.23","2.53M","-5.52%"
"Jan 20, 2020","9.78","9.57","9.78","9.49","1.67M","1.66%"
"Jan 17, 2020","9.62","9.57","9.64","9.47","2.47M","0.52%"
"Jan 16, 2020","9.57","9.40","9.73","9.39","2.05M","2.24%"
"Jan 15, 2020","9.36","9.44","9.49","9.36","1.44M","-1.16%"
"Jan 14, 2020","9.47","9.71","9.71","9.38","2.07M","-2.67%"
"Jan 13, 2020","9.73","10.15","10.15","9.72","2.23M","-4.89%"
"Jan 10, 2020","10.23","10.32","10.32","10.05","1.56M","-1.25%"
"Jan 09, 2020","10.36","10.22","10.37","9.93","2.10M","0.88%"
"Jan 08, 2020","10.27","10.60","10.69","10.15","1.49M","-3.11%"
"Jan 07, 2020","10.60","10.66","10.68","10.36","1.79M","-0.84%"
"Jan 06, 2020","10.69","10.57","10.74","10.50","1.14M","2.00%"
"Jan 03, 2020","10.48","10.66","10.80","10.46","1.70M","-0.47%"
"Jan 02, 2020","10.53","10.50","10.61","10.44","1.03M","1.06%"
"Dec 31, 2019","10.42","10.53","10.62","10.38","1.43M","-1.42%"
"Dec 30, 2019","10.57","10.65","10.79","10.56","1.64M","0.38%"
"Dec 27, 2019","10.53","10.66","10.68","10.48","983.48K","-0.38%"
"Dec 24, 2019","10.57","10.55","10.68","10.48","430.62K","0.28%"
"Dec 23, 2019","10.54","10.35","10.54","10.34","2.18M","1.64%"
"Dec 20, 2019","10.37","10.23","10.41","10.16","2.47M","1.47%"
"Dec 19, 2019","10.22","10.07","10.24","10.07","1.40M","0.20%"
"Dec 18, 2019","10.20","10.24","10.27","10.10","2.14M","-0.29%"
"Dec 17, 2019","10.23","9.98","10.27","9.94","2.08M","2.92%"
"Dec 16, 2019","9.94","9.97","10.02","9.84","2.55M","0.10%"
"Dec 13, 2019","9.93","9.80","10.00","9.75","2.49M","1.74%"
"Dec 12, 2019","9.76","9.51","9.83","9.47","2.58M","2.41%"
"Dec 11, 2019","9.53","9.56","9.70","9.47","1.03M","-0.31%"
"Dec 10, 2019","9.56","9.67","9.67","9.49","2.17M","0.74%"
"Dec 09, 2019","9.49","9.44","9.69","9.43","2.38M","0.21%"
"Dec 06, 2019","9.47","9.40","9.65","9.29","1.79M","1.07%"
"Dec 05, 2019","9.37","9.33","9.43","9.29","2.09M","0.97%"
"Dec 04, 2019","9.28","9.39","9.44","9.26","1.64M","-0.11%"
"Dec 03, 2019","9.29","9.56","9.61","9.28","4.15M","-3.03%"
"Dec 02, 2019","9.58","9.72","9.90","9.56","11.14M","-0.93%"
"Nov 29, 2019","9.67","9.91","9.94","9.67","8.78M","-3.69%"
"Nov 28, 2019","10.04","10.08","10.09","9.97","477.92K","-0.79%"
"Nov 27, 2019","10.12","9.98","10.13","9.83","2.54M","1.71%"
"Nov 26, 2019","9.95","9.91","9.95","9.81","3.96M","0.61%"
"Nov 25, 2019","9.89","9.61","9.91","9.52","11.09M","3.02%"
"Nov 22, 2019","9.60","9.81","9.88","9.60","9.47M","-1.84%"
"Nov 21, 2019","9.78","9.63","9.80","9.63","1.01M","1.66%"
"Nov 20, 2019","9.62","9.60","9.88","9.50","2.48M","0.21%"
"Nov 19, 2019","9.60","9.60","9.72","9.54","1.89M","-0.10%"
"Nov 18, 2019","9.61","9.90","9.90","9.54","1.78M","-2.93%"
"Nov 15, 2019","9.90","9.75","9.97","9.74","1.04M","1.85%"
"Nov 14, 2019","9.72","9.80","9.92","9.64","1.83M","-0.82%"
"Nov 13, 2019","9.80","10.05","10.06","9.76","2.12M","-3.16%"
"Nov 12, 2019","10.12","10.25","10.32","10.08","2.43M","-1.27%"
"Nov 11, 2019","10.25","10.40","10.45","10.23","1.18M","-2.75%"
"Nov 08, 2019","10.54","10.29","10.54","10.19","1.40M","0.96%"
"Nov 07, 2019","10.44","10.26","10.56","10.26","1.91M","2.15%"
"Nov 06, 2019","10.22","10.26","10.35","10.02","3.29M","0.39%"
"Nov 05, 2019","10.18","9.90","10.19","9.85","2.71M","3.88%"
"Nov 04, 2019","9.80","9.50","9.84","9.49","3.04M","4.26%"
"Nov 01, 2019","9.40","9.27","9.64","9.25","3.12M","2.17%"
"Oct 31, 2019","9.20","9.16","9.25","8.99","2.07M","0.00%"
"Oct 30, 2019","9.20","9.36","9.45","9.18","1.08M","-2.44%"
"Oct 29, 2019","9.43","9.23","9.46","9.18","1.69M","1.29%"
"Oct 28, 2019","9.31","9.31","9.46","9.25","2.45M","0.11%"
"Oct 25, 2019","9.30","8.94","9.40","8.91","2.83M","4.61%"
"Oct 24, 2019","8.89","9.37","9.48","8.76","3.91M","-6.62%"
"Oct 23, 2019","9.52","9.35","9.55","9.16","1.78M","1.38%"
"Oct 22, 2019","9.39","9.18","9.69","9.17","1.32M","2.51%"
"Oct 21, 2019","9.16","8.98","9.24","8.98","1.11M","1.78%"
"Oct 18, 2019","9.00","9.08","9.13","8.80","1.39M","-0.77%"
"Oct 17, 2019","9.07","9.11","9.20","9.02","581.29K","-0.33%"
"Oct 16, 2019","9.10","9.13","9.23","9.02","1.65M","-0.66%"
"Oct 15, 2019","9.16","9.05","9.16","8.92","3.06M","1.55%"
"Oct 11, 2019","9.02","8.87","9.09","8.87","929.66K","2.50%"
"Oct 10, 2019","8.80","8.80","8.88","8.75","1.44M","0.69%"
"Oct 09, 2019","8.74","8.85","8.89","8.59","1.35M","0.11%"
"Oct 08, 2019","8.73","9.18","9.18","8.72","2.74M","-4.90%"
"Oct 07, 2019","9.18","9.10","9.22","8.96","1.49M","0.66%"
"Oct 04, 2019","9.12","9.10","9.21","9.07","1.59M","0.77%"
"Oct 03, 2019","9.05","8.69","9.07","8.61","1.80M","4.02%"
"Oct 02, 2019","8.70","8.87","8.87","8.56","2.13M","-2.36%"
"Oct 01, 2019","8.91","9.32","9.46","8.89","2.21M","-4.40%"
"Sep 30, 2019","9.32","9.52","9.65","9.28","1.79M","-2.31%"
"Sep 27, 2019","9.54","9.61","9.69","9.51","1.72M","-1.14%"
"Sep 26, 2019","9.65","9.56","9.69","9.53","3.33M","0.42%"
"Sep 25, 2019","9.61","9.53","9.68","9.50","1.14M","0.10%"
"Sep 24, 2019","9.60","9.68","9.68","9.48","1.12M","-0.72%"
"Sep 23, 2019","9.67","9.85","9.89","9.62","1.64M","-1.73%"
"Sep 20, 2019","9.84","9.82","10.01","9.76","14.39M","0.82%"
"Sep 19, 2019","9.76","9.81","9.87","9.70","1.79M","0.10%"
"Sep 18, 2019","9.75","9.92","9.99","9.70","2.60M","-2.79%"
"Sep 17, 2019","10.03","10.11","10.15","9.83","2.21M","-0.40%"
"Sep 16, 2019","10.07","10.15","10.21","9.88","3.81M","6.79%"
"Sep 13, 2019","9.43","9.35","9.49","9.33","1.70M","1.29%"
"Sep 12, 2019","9.31","9.10","9.39","8.99","2.57M","0.87%"
"Sep 11, 2019","9.23","9.43","9.47","9.14","1.71M","-1.60%"
"Sep 10, 2019","9.38","9.16","9.45","9.16","2.47M","3.53%"
"Sep 09, 2019","9.06","8.98","9.31","8.85","3.17M","0.33%"
"Sep 06, 2019","9.03","8.91","9.03","8.78","921.60K","0.56%"
"Sep 05, 2019","8.98","8.94","9.08","8.89","916.27K","1.24%"
"Sep 04, 2019","8.87","9.05","9.06","8.85","1.04M","-0.34%"
"Sep 03, 2019","8.90","8.76","8.93","8.61","1.90M","0.11%"
"Aug 30, 2019","8.89","9.01","9.02","8.81","1.21M","-1.44%"
"Aug 29, 2019","9.02","9.00","9.14","8.95","1.47M","1.35%"
"Aug 28, 2019","8.90","8.94","9.05","8.85","1.53M","0.45%"
"Aug 27, 2019","8.86","8.96","9.04","8.84","1.84M","-0.56%"
"Aug 26, 2019","8.91","9.13","9.24","8.83","1.88M","-0.78%"
"Aug 23, 2019","8.98","9.17","9.21","8.92","2.30M","-3.13%"
"Aug 22, 2019","9.27","9.35","9.37","9.18","1.31M","0.22%"
"Aug 21, 2019","9.25","9.35","9.53","9.16","2.81M","0.11%"
"Aug 20, 2019","9.24","9.27","9.35","9.15","1.70M","0.22%"
"Aug 19, 2019","9.22","8.92","9.31","8.92","1.87M","5.13%"
"Aug 16, 2019","8.77","8.71","8.79","8.58","1.12M","1.50%"
"Aug 15, 2019","8.64","8.58","8.71","8.48","2.33M","1.05%"
"Aug 14, 2019","8.55","8.78","8.78","8.49","2.11M","-4.47%"
"Aug 13, 2019","8.95","8.84","9.08","8.71","1.45M","1.13%"
"Aug 12, 2019","8.85","8.98","9.02","8.82","1.09M","-1.12%"
"Aug 09, 2019","8.95","9.28","9.28","8.94","2.18M","-2.61%"
"Aug 08, 2019","9.19","9.11","9.25","9.07","2.22M","0.99%"
"Aug 07, 2019","9.10","9.12","9.19","8.83","2.32M","-1.19%"
"Aug 06, 2019","9.21","9.49","9.56","9.05","5.05M","-4.36%"
"Aug 02, 2019","9.63","9.85","9.90","9.60","2.57M","-1.63%"
"Aug 01, 2019","9.79","10.17","10.18","9.63","2.77M","-4.39%"
"Jul 31, 2019","10.24","10.09","10.26","9.93","3.07M","1.49%"
"Jul 30, 2019","10.09","10.00","10.19","9.81","1.92M","1.00%"
"Jul 29, 2019","9.99","10.49","10.50","9.78","3.53M","-4.03%"
"Jul 26, 2019","10.41","10.74","10.80","10.36","2.56M","-2.89%"
"Jul 25, 2019","10.72","11.40","11.40","10.61","4.87M","-6.13%"
"Jul 24, 2019","11.42","11.35","11.45","11.25","1.80M","0.62%"
"Jul 23, 2019","11.35","11.44","11.61","11.35","1.01M","-0.26%"
"Jul 22, 2019","11.38","11.33","11.65","11.28","1.62M","0.98%"
"Jul 19, 2019","11.27","11.33","11.39","11.19","940.73K","-0.70%"
"Jul 18, 2019","11.35","11.53","11.55","11.05","1.87M","-1.56%"
"Jul 17, 2019","11.53","11.82","11.92","11.50","1.64M","-2.29%"
"Jul 16, 2019","11.80","12.12","12.19","11.75","1.69M","-2.56%"
"Jul 15, 2019","12.11","12.53","12.59","12.06","1.41M","-3.43%"
"Jul 12, 2019","12.54","12.70","12.70","12.51","943.70K","-1.10%"
"Jul 11, 2019","12.68","12.65","12.77","12.54","1.57M","0.32%"
"Jul 10, 2019","12.64","12.49","12.69","12.48","1.55M","1.44%"
"Jul 09, 2019","12.46","12.38","12.46","12.20","1.43M","0.89%"
"Jul 08, 2019","12.35","12.45","12.56","12.35","1.70M","-1.20%"
"Jul 05, 2019","12.50","12.53","12.58","12.35","984.65K","-0.56%"
"Jul 04, 2019","12.57","12.44","12.63","12.37","659.55K","1.05%"
"Jul 03, 2019","12.44","12.43","12.48","12.30","1.11M","1.22%"
"Jul 02, 2019","12.29","12.50","12.50","12.18","1.55M","-0.97%"
"Jun 28, 2019","12.41","12.55","12.58","12.18","2.62M","-0.88%"
"Jun 27, 2019","12.52","12.89","12.99","12.49","1.66M","-2.87%"
"Jun 26, 2019","12.89","12.72","13.02","12.66","2.56M","2.14%"
"Jun 25, 2019","12.62","12.64","12.81","12.51","1.76M","0.00%"
"Jun 24, 2019","12.62","12.70","12.83","12.60","3.57M","-0.47%"
"Jun 21, 2019","12.68","12.89","12.96","12.56","4.25M","-1.71%"
"Jun 20, 2019","12.90","12.87","12.98","12.77","1.17M","2.06%"
"Jun 19, 2019","12.64","12.86","12.88","12.55","1.53M","-2.09%"
"Jun 18, 2019","12.91","12.75","12.91","12.67","1.61M","2.06%"
"Jun 17, 2019","12.65","12.69","12.73","12.50","1.37M","-0.39%"
"Jun 14, 2019","12.70","12.78","12.79","12.56","950.06K","-0.70%"
"Jun 13, 2019","12.79","12.69","12.86","12.69","906.89K","1.91%"
"Jun 12, 2019","12.55","12.49","12.69","12.43","1.83M","0.00%"
"Jun 11, 2019","12.55","12.50","12.83","12.45","10.27M","0.72%"
"Jun 10, 2019","12.46","12.48","12.59","12.39","2.71M","-0.08%"
"Jun 07, 2019","12.47","12.47","12.53","12.28","1.83M","-0.56%"
"Jun 06, 2019","12.54","12.58","12.68","12.27","1.42M","-0.08%"
"Jun 05, 2019","12.55","12.99","13.02","12.43","1.81M","-3.16%"
"Jun 04, 2019","12.96","12.75","13.03","12.62","10.56M","2.53%"
"Jun 03, 2019","12.64","12.88","12.95","12.54","761.29K","-0.39%"
"May 31, 2019","12.69","12.58","12.95","12.48","1.22M","-0.55%"
"May 30, 2019","12.76","12.91","13.11","12.68","1.00M","-0.78%"
"May 29, 2019","12.86","12.54","12.88","12.48","1.51M","2.39%"
"May 28, 2019","12.56","12.72","12.92","12.55","1.89M","-0.40%"
"May 27, 2019","12.61","12.59","12.73","12.55","424.51K","0.32%"
"May 24, 2019","12.57","12.68","12.76","12.42","625.22K","0.24%"
"May 23, 2019","12.54","12.70","12.71","12.31","2.61M","-2.79%"
"May 22, 2019","12.90","13.31","13.31","12.85","1.85M","-3.66%"
"May 21, 2019","13.39","13.51","13.59","13.36","2.30M","-0.74%"
"May 17, 2019","13.49","13.58","13.65","13.44","642.81K","-0.95%"
"May 16, 2019","13.62","13.68","13.75","13.48","1.56M","0.52%"
"May 15, 2019","13.55","13.23","13.61","13.18","1.22M","1.88%"
"May 14, 2019","13.30","13.22","13.34","13.13","1.75M","1.37%"
"May 13, 2019","13.12","13.43","13.44","13.10","1.97M","-2.24%"
"May 10, 2019","13.42","13.65","13.65","13.36","1.61M","-1.54%"
"May 09, 2019","13.63","13.71","13.79","13.61","1.89M","-1.02%"
"May 08, 2019","13.77","13.65","13.96","13.56","1.35M","0.81%"
"May 07, 2019","13.66","13.76","13.77","13.41","2.34M","-1.51%"
"May 06, 2019","13.87","13.89","13.95","13.74","1.22M","-1.21%"
"May 03, 2019","14.04","14.11","14.20","13.97","719.23K","0.29%"
"May 02, 2019","14.00","14.06","14.22","13.97","1.71M","-0.99%"
"May 01, 2019","14.14","14.55","14.62","14.13","1.07M","-2.75%"
"Apr 30, 2019","14.54","14.90","14.90","14.42","1.83M","-1.62%"
"Apr 29, 2019","14.78","14.40","14.84","14.38","2.31M","2.64%"
"Apr 26, 2019","14.40","14.59","14.64","14.23","1.98M","-0.14%"
"Apr 25, 2019","14.42","14.58","14.63","14.40","1.08M","-1.03%"
"Apr 24, 2019","14.57","14.75","14.84","14.47","1.33M","-1.15%"
"Apr 23, 2019","14.74","14.65","14.77","14.48","1.45M","0.61%"
"Apr 22, 2019","14.65","14.62","14.70","14.39","1.17M","1.10%"
"Apr 18, 2019","14.49","14.35","14.60","14.26","1.23M","1.68%"
"Apr 17, 2019","14.25","14.24","14.31","14.15","849.31K","0.35%"
"Apr 16, 2019","14.20","14.21","14.26","14.07","976.94K","0.21%"
"Apr 15, 2019","14.17","14.18","14.26","14.03","911.52K","0.07%"
"Apr 12, 2019","14.16","14.48","14.65","14.16","2.08M","-1.53%"
"Apr 11, 2019","14.38","14.22","14.45","14.13","1.95M","1.20%"
"Apr 10, 2019","14.21","14.02","14.27","14.01","1.51M","2.08%"
"Apr 09, 2019","13.92","13.96","14.07","13.88","896.04K","-0.50%"
"Apr 08, 2019","13.99","13.76","14.26","13.75","3.46M","2.19%"
"Apr 05, 2019","13.69","13.39","13.71","13.39","1.73M","2.47%"
"Apr 04, 2019","13.36","13.40","13.41","13.21","2.19M","-0.37%"
"Apr 03, 2019","13.41","13.49","13.55","13.33","2.01M","-0.22%"
"Apr 02, 2019","13.44","13.57","13.67","13.38","1.40M","-0.52%"
"Apr 01, 2019","13.51","13.42","13.60","13.40","2.44M","1.96%"
"Mar 29, 2019","13.25","13.41","13.49","13.24","1.47M","-0.45%"
"Mar 28, 2019","13.31","13.26","13.43","13.24","1.46M","0.30%"
"Mar 27, 2019","13.27","13.58","13.68","13.27","3.82M","-1.92%"
"Mar 26, 2019","13.53","13.59","13.88","13.51","2.37M","0.30%"
"Mar 25, 2019","13.49","13.59","13.74","13.49","2.21M","-0.74%"
"Mar 22, 2019","13.59","13.78","13.79","13.41","1.41M","-2.16%"
"Mar 21, 2019","13.89","13.63","13.91","13.62","2.79M","1.68%"
"Mar 20, 2019","13.66","13.78","13.81","13.63","1.54M","-0.51%"
"Mar 19, 2019","13.73","13.88","13.98","13.73","3.69M","-0.72%"
"Mar 18, 2019","13.83","13.59","13.83","13.47","2.65M","2.67%"
"Mar 15, 2019","13.47","14.08","14.08","13.47","3.98M","-3.02%"
"Mar 14, 2019","13.89","14.12","14.14","13.82","2.28M","-1.84%"
"Mar 13, 2019","14.15","14.09","14.27","14.02","1.95M","1.14%"
"Mar 12, 2019","13.99","13.98","14.06","13.91","2.22M","0.58%"
"Mar 11, 2019","13.91","13.97","14.05","13.90","3.33M","-0.22%"
"Mar 08, 2019","13.94","14.01","14.04","13.74","2.30M","-0.85%"
"Mar 07, 2019","14.06","14.41","14.45","13.87","3.26M","-2.43%"
"Mar 06, 2019","14.41","14.40","14.49","14.29","2.72M","-0.55%"
"Mar 05, 2019","14.49","14.59","14.60","14.42","2.35M","0.00%"
"Mar 04, 2019","14.49","14.80","14.90","14.27","2.90M","-1.29%"
"Mar 01, 2019","14.68","14.71","14.98","14.67","1.24M","0.34%"
"Feb 28, 2019","14.63","14.84","14.90","14.50","2.31M","-1.22%"
"Feb 27, 2019","14.81","14.93","14.93","14.51","2.77M","0.27%"
"Feb 26, 2019","14.77","15.49","15.56","14.67","3.95M","-7.51%"
"Feb 25, 2019","15.97","15.82","16.01","15.74","928.00K","0.44%"
"Feb 22, 2019","15.90","15.86","15.96","15.73","638.10K","1.66%"
"Feb 21, 2019","15.64","15.97","15.97","15.64","1.92M","-2.13%"
"Feb 20, 2019","15.98","15.79","16.02","15.70","1.13M","1.14%"
"Feb 19, 2019","15.80","15.75","15.80","15.56","3.46M","1.15%"
"Feb 15, 2019","15.62","15.57","15.68","15.28","2.03M","1.43%"
"Feb 14, 2019","15.40","15.36","15.74","15.34","1.08M","0.52%"
"Feb 13, 2019","15.32","15.52","15.71","15.18","1.90M","-1.23%"
"Feb 12, 2019","15.51","15.37","15.69","15.28","1.71M","2.31%"
"Feb 11, 2019","15.16","14.72","15.27","14.72","856.64K","1.40%"
"Feb 08, 2019","14.95","15.00","15.01","14.58","1.17M","0.54%"
"Feb 07, 2019","14.87","15.49","15.50","14.84","1.49M","-4.00%"
"Feb 06, 2019","15.49","15.61","15.71","15.48","1.10M","-0.96%"
"Feb 05, 2019","15.64","15.66","15.70","15.52","984.31K","0.00%"
"Feb 04, 2019","15.64","15.56","15.84","15.55","933.40K","0.00%"
"Feb 01, 2019","15.64","15.77","15.96","15.54","1.74M","0.32%"
"Jan 31, 2019","15.59","15.61","15.79","15.53","1.81M","0.00%"
"Jan 30, 2019","15.59","15.66","15.83","15.57","1.86M","0.06%"
"Jan 29, 2019","15.58","15.67","15.73","15.54","2.10M","0.06%"
"Jan 28, 2019","15.57","15.73","15.81","15.22","2.04M","-2.63%"
"Jan 25, 2019","15.99","15.91","16.21","15.81","2.46M","1.27%"
"Jan 24, 2019","15.79","16.00","16.12","15.77","2.82M","-0.57%"
"Jan 23, 2019","15.88","16.40","16.53","15.75","2.07M","-3.05%"
"Jan 22, 2019","16.38","16.46","16.47","16.04","2.37M","-1.92%"
"Jan 21, 2019","16.70","16.80","16.85","16.59","789.10K","0.00%"
"Jan 18, 2019","16.70","17.37","17.37","16.52","5.26M","-4.30%"
"Jan 17, 2019","17.45","17.50","18.05","17.10","9.37M","12.36%"
"Jan 16, 2019","15.53","15.50","15.73","15.31","1.73M","0.13%"
"Jan 15, 2019","15.51","14.88","15.62","14.88","3.26M","4.73%"
"Jan 14, 2019","14.81","15.29","15.29","14.72","2.12M","-0.87%"
"Jan 11, 2019","14.94","15.01","15.02","14.79","1.14M","-0.60%"
"Jan 10, 2019","15.03","15.24","15.24","14.92","3.11M","-1.70%"
"Jan 09, 2019","15.29","14.98","15.36","14.97","2.25M","2.76%"
"Jan 08, 2019","14.88","14.74","14.98","14.55","2.23M","1.78%"
"Jan 07, 2019","14.62","14.90","14.91","14.32","2.70M","-1.22%"
"Jan 04, 2019","14.80","14.55","14.88","14.48","1.65M","2.64%"
"Jan 03, 2019","14.42","14.35","14.62","14.21","1.54M","0.21%"
"Jan 02, 2019","14.39","13.82","14.60","13.48","1.87M","1.98%"
"Dec 31, 2018","14.11","14.14","14.26","13.81","884.36K","0.79%"
"Dec 28, 2018","14.00","14.07","14.32","13.89","955.11K","-0.71%"
"Dec 27, 2018","14.10","13.58","14.11","13.53","1.75M","5.38%"
"Dec 24, 2018","13.38","13.62","13.62","13.33","709.12K","-2.05%"
"Dec 21, 2018","13.66","14.21","14.27","13.49","4.05M","-4.27%"
"Dec 20, 2018","14.27","14.40","14.65","14.20","2.84M","-1.72%"
"Dec 19, 2018","14.52","14.95","15.23","14.44","2.58M","-2.16%"
"Dec 18, 2018","14.84","14.70","15.14","14.65","2.90M","0.61%"
"Dec 17, 2018","14.75","15.21","15.33","14.62","1.58M","-4.03%"
"Dec 14, 2018","15.37","15.38","15.56","15.24","2.15M","-1.22%"
"Dec 13, 2018","15.56","15.56","15.86","15.34","1.90M","1.50%"
"Dec 12, 2018","15.33","15.55","16.05","15.27","2.75M","-0.45%"
"Dec 11, 2018","15.40","15.97","16.12","15.38","1.56M","-2.22%"
"Dec 10, 2018","15.75","16.05","16.15","15.50","1.61M","-2.36%"
"Dec 07, 2018","16.13","16.27","16.75","16.10","2.00M","1.51%"
"Dec 06, 2018","15.89","16.40","16.46","15.71","2.80M","-5.36%"
"Dec 05, 2018","16.79","16.84","16.90","16.55","923.56K","-0.18%"
"Dec 04, 2018","16.82","16.78","16.94","16.61","1.97M","-0.30%"
"Dec 03, 2018","16.87","17.00","17.11","16.14","4.40M","2.24%"
"Nov 30, 2018","16.50","15.91","16.54","15.71","3.29M","3.06%"
"Nov 29, 2018","16.01","15.70","16.14","15.70","1.62M","2.30%"
"Nov 28, 2018","15.65","15.64","15.81","15.44","1.59M","0.32%"
"Nov 27, 2018","15.60","15.74","15.87","15.42","1.18M","-1.33%"
"Nov 26, 2018","15.81","15.41","15.82","15.41","2.56M","3.00%"
"Nov 23, 2018","15.35","15.80","15.88","15.30","1.24M","-5.25%"
"Nov 22, 2018","16.20","16.30","16.32","16.06","264.42K","-0.92%"
"Nov 21, 2018","16.35","16.05","16.48","16.03","2.13M","2.64%"
"Nov 20, 2018","15.93","16.90","16.92","15.69","3.77M","-5.57%"
"Nov 19, 2018","16.87","17.12","17.36","16.80","1.68M","-3.21%"
"Nov 16, 2018","17.43","17.91","17.97","17.30","1.18M","-2.35%"
"Nov 15, 2018","17.85","17.72","18.04","17.66","1.40M","0.45%"
"Nov 14, 2018","17.77","17.77","17.99","17.47","1.23M","0.91%"
"Nov 13, 2018","17.61","17.86","18.15","17.53","1.97M","-1.45%"
"Nov 12, 2018","17.87","18.35","18.39","17.76","1.71M","-2.14%"
"Nov 09, 2018","18.26","18.25","18.48","18.00","2.09M","-1.72%"
"Nov 08, 2018","18.58","18.60","18.78","18.46","1.39M","0.11%"
"Nov 07, 2018","18.56","18.65","18.92","18.41","985.51K","0.65%"
"Nov 06, 2018","18.44","18.46","18.72","18.30","1.22M","0.38%"
"Nov 05, 2018","18.37","17.93","18.51","17.93","1.30M","2.40%"
"Nov 02, 2018","17.94","18.49","18.51","17.82","1.93M","-2.23%"
"Nov 01, 2018","18.35","18.76","19.05","18.18","2.00M","-1.40%"
"Oct 31, 2018","18.61","18.64","19.13","18.50","1.99M","0.81%"
"Oct 30, 2018","18.46","18.17","18.51","18.08","1.96M","1.04%"
"Oct 29, 2018","18.27","18.59","18.88","18.05","1.76M","-2.25%"
"Oct 26, 2018","18.69","18.70","18.77","18.32","2.02M","-0.69%"
"Oct 25, 2018","18.82","19.01","19.39","18.29","2.10M","0.37%"
"Oct 24, 2018","18.75","19.69","19.79","18.63","1.92M","-4.53%"
"Oct 23, 2018","19.64","19.77","19.86","19.41","2.74M","-2.00%"
"Oct 22, 2018","20.04","20.04","20.11","19.80","1.20M","-0.20%"
"Oct 19, 2018","20.08","19.77","20.14","19.77","1.14M","1.06%"
"Oct 18, 2018","19.87","19.52","19.95","19.48","2.24M","0.20%"
"Oct 17, 2018","19.83","20.27","20.28","19.57","2.58M","-2.84%"
"Oct 16, 2018","20.41","19.96","20.43","19.73","1.35M","2.20%"
"Oct 15, 2018","19.97","20.27","20.27","19.79","1.37M","-1.38%"
"Oct 12, 2018","20.25","20.15","20.44","19.90","2.02M","1.61%"
"Oct 11, 2018","19.93","20.01","20.29","19.82","2.42M","-2.54%"
"Oct 10, 2018","20.45","21.04","21.04","20.30","2.30M","-2.80%"
"Oct 09, 2018","21.04","20.98","21.22","20.68","1.36M","0.33%"
"Oct 05, 2018","20.97","21.14","21.18","20.74","1.36M","-1.13%"
"Oct 04, 2018","21.21","20.65","21.49","20.58","2.19M","2.61%"
"Oct 03, 2018","20.67","20.62","21.01","20.58","2.47M","0.49%"
"Oct 02, 2018","20.57","21.22","21.22","20.29","3.22M","-3.02%"
"Oct 01, 2018","21.21","21.34","21.48","20.10","4.24M","-6.48%"
"Sep 28, 2018","22.68","22.78","22.87","22.52","1.41M","-0.61%"
"Sep 27, 2018","22.82","22.58","22.98","22.58","996.02K","1.65%"
"Sep 26, 2018","22.45","22.27","22.62","22.12","1.25M","0.22%"
"Sep 25, 2018","22.40","22.69","22.75","22.21","801.89K","-0.44%"
"Sep 24, 2018","22.50","21.80","22.76","21.79","1.35M","3.59%"
"Sep 21, 2018","21.72","21.38","21.82","21.29","1.59M","2.36%"
"Sep 20, 2018","21.22","21.91","22.06","21.11","1.30M","-2.75%"
"Sep 19, 2018","21.82","21.96","22.49","21.77","1.25M","-0.50%"
"Sep 18, 2018","21.93","21.67","21.95","21.46","629.74K","1.81%"
"Sep 17, 2018","21.54","21.24","21.64","21.21","608.25K","1.46%"
"Sep 14, 2018","21.23","21.19","21.42","21.04","505.61K","0.09%"
"Sep 13, 2018","21.21","21.26","21.40","21.08","604.24K","-0.19%"
"Sep 12, 2018","21.25","21.71","21.71","21.22","890.83K","-1.07%"
"Sep 11, 2018","21.48","21.43","21.62","21.27","908.03K","0.05%"
"Sep 10, 2018","21.47","21.90","22.10","21.47","682.32K","-2.14%"
"Sep 07, 2018","21.94","21.60","21.96","21.32","1.16M","1.11%"
"Sep 06, 2018","21.70","21.82","21.93","21.64","919.40K","-0.91%"
"Sep 05, 2018","21.90","21.72","22.04","21.57","924.57K","0.50%"
"Sep 04, 2018","21.79","21.68","21.87","21.40","947.23K","0.97%"
"Aug 31, 2018","21.58","21.63","21.75","21.46","1.23M","-0.19%"
"Aug 30, 2018","21.62","21.60","21.71","21.10","827.41K","-0.05%"
"Aug 29, 2018","21.63","21.71","21.92","21.58","566.90K","-0.92%"
"Aug 28, 2018","21.83","21.96","22.39","21.80","866.75K","-0.37%"
"Aug 27, 2018","21.91","21.59","21.99","21.59","784.47K","1.86%"
"Aug 24, 2018","21.51","21.47","21.72","21.38","700.68K","0.23%"
"Aug 23, 2018","21.46","21.40","21.48","21.27","516.97K","0.23%"
"Aug 22, 2018","21.41","21.53","21.65","21.34","868.32K","0.85%"
"Aug 21, 2018","21.23","21.96","22.02","21.21","742.40K","-2.57%"
"Aug 20, 2018","21.79","22.01","22.10","21.75","600.48K","-0.95%"
"Aug 17, 2018","22.00","21.81","22.05","21.64","587.00K","1.24%"
"Aug 16, 2018","21.73","21.71","21.98","21.70","868.35K","0.84%"
"Aug 15, 2018","21.55","22.00","22.01","21.40","939.48K","-2.80%"
"Aug 14, 2018","22.17","22.20","22.43","22.00","799.26K","0.00%"
"Aug 13, 2018","22.17","21.87","22.26","21.80","965.49K","1.56%"
"Aug 10, 2018","21.83","21.72","22.03","21.60","807.84K","0.14%"
"Aug 09, 2018","21.80","21.51","22.17","21.49","994.15K","1.25%"
"Aug 08, 2018","21.53","21.39","21.77","21.27","1.37M","0.51%"
"Aug 07, 2018","21.42","21.97","21.97","21.39","1.62M","-1.56%"
"Aug 03, 2018","21.76","21.93","21.97","21.57","827.67K","-0.78%"
"Aug 02, 2018","21.93","21.91","22.08","21.58","1.57M","-0.72%"
"Aug 01, 2018","22.09","22.09","22.15","21.67","1.07M","-0.14%"
"Jul 31, 2018","22.12","21.69","22.15","21.63","1.10M","1.70%"
"Jul 30, 2018","21.75","21.28","21.98","21.28","829.52K","2.55%"
"Jul 27, 2018","21.21","21.24","21.34","20.85","636.55K","1.29%"
"Jul 26, 2018","20.94","21.02","21.25","20.66","900.16K","1.40%"
"Jul 25, 2018","20.65","21.20","21.20","20.35","1.46M","-0.77%"
"Jul 24, 2018","20.81","20.64","21.06","20.62","794.05K","0.92%"
"Jul 23, 2018","20.62","20.40","20.65","20.23","687.00K","1.78%"
"Jul 20, 2018","20.26","20.26","20.39","20.03","528.22K","-0.05%"
"Jul 19, 2018","20.27","20.46","20.73","20.22","678.54K","-1.07%"
"Jul 18, 2018","20.49","20.46","20.53","20.13","752.44K","-0.39%"
"Jul 17, 2018","20.57","20.62","20.72","20.48","493.36K","-0.19%"
"Jul 16, 2018","20.61","20.76","20.95","20.44","503.27K","-1.81%"
"Jul 13, 2018","20.99","21.09","21.30","20.90","647.34K","-0.10%"
"Jul 12, 2018","21.01","20.95","21.19","20.91","808.33K","0.72%"
"Jul 11, 2018","20.86","21.12","21.30","20.71","838.96K","-1.46%"
"Jul 10, 2018","21.17","20.84","21.17","20.70","1.12M","2.47%"
"Jul 09, 2018","20.66","20.34","20.81","20.28","874.05K","1.67%"
"Jul 06, 2018","20.32","20.08","20.49","20.07","962.51K","1.50%"
"Jul 05, 2018","20.02","20.10","20.17","19.90","1.37M","0.86%"
"Jul 04, 2018","19.85","20.15","20.30","19.85","395.81K","-1.83%"
"Jul 03, 2018","20.22","20.55","20.70","20.12","816.38K","-1.32%"
"Jun 29, 2018","20.49","20.33","20.78","20.32","968.57K","1.59%"
"Jun 28, 2018","20.17","20.65","20.72","20.14","1.20M","-2.28%"
"Jun 27, 2018","20.64","20.46","21.02","20.46","1.21M","2.13%"
"Jun 26, 2018","20.21","19.84","20.37","19.74","1.09M","2.38%"
"Jun 25, 2018","19.74","19.90","19.91","19.50","2.09M","-1.40%"
"Jun 22, 2018","20.02","20.11","20.29","19.86","923.13K","1.78%"
"Jun 21, 2018","19.67","20.25","20.27","19.62","991.14K","-3.20%"
"Jun 20, 2018","20.32","19.92","20.44","19.90","1.27M","2.42%"
"Jun 19, 2018","19.84","19.71","20.08","19.59","709.54K","-0.60%"
"Jun 18, 2018","19.96","19.81","20.10","19.70","825.15K","0.10%"
"Jun 15, 2018","19.94","19.68","20.00","19.48","3.22M","0.86%"
"Jun 14, 2018","19.77","19.64","19.81","19.58","801.43K","1.13%"
"Jun 13, 2018","19.55","19.56","19.73","19.50","853.89K","-0.15%"
"Jun 12, 2018","19.58","19.41","19.75","19.40","536.27K","0.20%"
"Jun 11, 2018","19.54","19.44","19.65","19.34","479.31K","0.62%"
"Jun 08, 2018","19.42","19.58","19.58","19.20","543.90K","-0.72%"
"Jun 07, 2018","19.56","19.24","19.66","19.18","808.38K","1.98%"
"Jun 06, 2018","19.18","19.07","19.37","18.88","1.07M","0.37%"
"Jun 05, 2018","19.11","18.58","19.12","18.55","658.29K","2.80%"
"Jun 04, 2018","18.59","18.78","19.33","18.50","1.19M","-0.96%"
"Jun 01, 2018","18.77","18.55","18.82","18.45","962.40K","0.32%"
"May 31, 2018","18.71","18.33","18.77","18.15","1.92M","1.03%"
"May 30, 2018","18.52","18.31","18.79","18.31","1.17M","2.21%"
"May 29, 2018","18.12","18.19","18.26","18.04","897.96K","0.00%"
"May 28, 2018","18.12","18.00","18.42","17.97","531.48K","-0.77%"
"May 25, 2018","18.26","18.80","18.91","18.20","1.49M","-4.90%"
"May 24, 2018","19.20","18.96","19.33","18.96","966.03K","0.89%"
"May 23, 2018","19.03","19.36","19.46","18.92","1.78M","-2.31%"
"May 22, 2018","19.48","19.60","19.60","19.44","1.23M","0.10%"
"May 18, 2018","19.46","19.39","19.59","19.34","805.36K","1.30%"
"May 17, 2018","19.21","19.08","19.73","19.08","1.21M","1.27%"
"May 16, 2018","18.97","19.02","19.04","18.86","1.21M","-0.11%"
"May 15, 2018","18.99","19.19","19.53","18.96","1.37M","-0.84%"
"May 14, 2018","19.15","18.31","19.19","18.31","1.84M","4.82%"
"May 11, 2018","18.27","18.14","18.44","18.14","858.29K","0.83%"
"May 10, 2018","18.12","18.07","18.43","17.94","1.12M","-0.06%"
"May 09, 2018","18.13","18.34","18.47","18.06","1.34M","0.17%"
"May 08, 2018","18.10","18.44","18.58","17.95","1.42M","-1.84%"
"May 07, 2018","18.44","18.47","18.71","18.33","891.79K","0.77%"
"May 04, 2018","18.30","18.19","18.40","18.14","578.40K","0.38%"
"May 03, 2018","18.23","18.09","18.32","17.94","1.23M","1.00%"
"May 02, 2018","18.05","17.96","18.43","17.95","918.96K","0.22%"
"May 01, 2018","18.01","17.92","18.06","17.71","1.16M","0.28%"
"Apr 30, 2018","17.96","17.63","18.04","17.61","1.24M","1.87%"
"Apr 27, 2018","17.63","17.47","18.00","17.43","1.54M","0.51%"
"Apr 26, 2018","17.54","19.09","19.09","17.31","4.48M","-8.12%"
"Apr 25, 2018","19.09","18.99","19.24","18.82","830.75K","0.53%"
"Apr 24, 2018","18.99","19.10","19.24","18.84","745.52K","-0.52%"
"Apr 23, 2018","19.09","18.78","19.12","18.78","1.06M","0.16%"
"Apr 20, 2018","19.06","19.48","19.50","18.97","1.01M","-2.36%"
"Apr 19, 2018","19.52","19.75","19.94","19.47","1.18M","-1.31%"
"Apr 18, 2018","19.78","19.17","19.85","19.16","1.51M","3.89%"
"Apr 17, 2018","19.04","18.35","19.12","18.35","1.71M","3.93%"
"Apr 16, 2018","18.32","18.60","18.62","18.25","1.02M","-1.35%"
"Apr 13, 2018","18.57","18.69","18.70","18.54","962.71K","-0.38%"
"Apr 12, 2018","18.64","18.21","18.67","18.21","685.18K","1.53%"
"Apr 11, 2018","18.36","18.15","18.50","18.05","1.05M","1.05%"
"Apr 10, 2018","18.17","18.05","18.22","17.92","1.49M","1.91%"
"Apr 09, 2018","17.83","18.20","18.21","17.76","1.05M","-1.00%"
"Apr 06, 2018","18.01","18.40","18.50","17.88","1.09M","-2.49%"
"Apr 05, 2018","18.47","17.95","18.49","17.73","1.26M","3.18%"
"Apr 04, 2018","17.90","18.05","18.07","17.71","797.56K","-1.59%"
"Apr 03, 2018","18.19","18.15","18.21","17.92","616.29K","0.72%"
"Apr 02, 2018","18.06","18.33","18.50","17.91","837.05K","-2.06%"
"Mar 29, 2018","18.44","17.93","18.46","17.84","1.03M","4.24%"
"Mar 28, 2018","17.69","17.69","17.95","17.60","783.41K","-0.45%"
"Mar 27, 2018","17.77","17.88","18.00","17.75","991.16K","0.62%"
"Mar 26, 2018","17.66","17.95","17.97","17.43","895.69K","-1.06%"
"Mar 23, 2018","17.85","18.01","18.36","17.83","886.24K","-0.50%"
"Mar 22, 2018","17.94","18.17","18.22","17.82","1.01M","-2.07%"
"Mar 21, 2018","18.32","17.92","18.43","17.90","1.13M","2.63%"
"Mar 20, 2018","17.85","17.55","18.01","17.55","1.19M","2.12%"
"Mar 19, 2018","17.48","17.61","17.68","17.33","805.04K","-1.47%"
"Mar 16, 2018","17.74","17.13","17.83","16.98","2.56M","4.35%"
"Mar 15, 2018","17.00","17.03","17.10","16.93","662.62K","0.41%"
"Mar 14, 2018","16.93","17.03","17.15","16.91","660.28K","-0.12%"
"Mar 13, 2018","16.95","16.80","17.12","16.70","1.33M","0.83%"
"Mar 12, 2018","16.81","17.00","17.09","16.66","555.39K","-0.65%"
"Mar 09, 2018","16.92","17.06","17.10","16.87","979.81K","-0.06%"
"Mar 08, 2018","16.93","17.10","17.10","16.91","984.27K","-0.59%"
"Mar 07, 2018","17.03","16.93","17.15","16.84","990.67K","0.18%"
"Mar 06, 2018","17.00","17.50","17.50","16.97","1.09M","-2.02%"
"Mar 05, 2018","17.35","16.99","17.44","16.90","758.27K","1.88%"
"Mar 02, 2018","17.03","16.89","17.18","16.76","4.98M","0.53%"
"Mar 01, 2018","16.94","17.38","17.38","16.56","1.91M","0.00%"
"Feb 28, 2018","16.94","17.21","17.36","16.94","1.44M","-2.02%"
"Feb 27, 2018","17.29","17.11","17.43","17.07","894.56K","0.17%"
"Feb 26, 2018","17.26","16.91","17.30","16.89","866.76K","2.07%"
"Feb 23, 2018","16.91","16.66","16.94","16.66","635.76K","1.68%"
"Feb 22, 2018","16.63","16.62","16.91","16.50","726.98K","0.54%"
"Feb 21, 2018","16.54","16.53","16.68","16.44","614.93K","-0.12%"
"Feb 20, 2018","16.56","16.50","16.64","16.45","591.81K","0.42%"
"Feb 16, 2018","16.49","16.31","16.52","16.20","872.56K","0.67%"
"Feb 15, 2018","16.38","16.44","16.54","16.05","2.35M","0.00%"
"Feb 14, 2018","16.38","16.28","16.55","16.06","1.44M","-0.24%"
"Feb 13, 2018","16.42","16.49","16.66","16.22","1.84M","-1.32%"
"Feb 12, 2018","16.64","16.63","16.91","16.52","1.66M","0.97%"
"Feb 09, 2018","16.48","16.51","16.93","16.46","1.85M","-1.67%"
"Feb 08, 2018","16.76","17.21","17.63","16.75","1.21M","-3.07%"
"Feb 07, 2018","17.29","17.38","17.45","17.09","893.51K","-0.12%"
"Feb 06, 2018","17.31","16.97","17.37","16.70","1.35M","0.93%"
"Feb 05, 2018","17.15","17.41","17.77","17.13","1.62M","-1.38%"
"Feb 02, 2018","17.39","17.72","17.86","17.38","2.08M","-3.82%"
"Feb 01, 2018","18.08","18.12","18.33","17.87","1.15M","0.28%"
"Jan 31, 2018","18.03","17.66","18.16","17.48","1.41M","1.92%"
"Jan 30, 2018","17.69","18.27","18.29","17.63","1.20M","-3.49%"
"Jan 29, 2018","18.33","18.50","18.69","18.30","1.16M","-0.11%"
"Jan 26, 2018","18.35","18.33","18.49","18.26","530.26K","0.27%"
"Jan 25, 2018","18.30","18.50","18.69","18.24","1.02M","-0.54%"
"Jan 24, 2018","18.40","17.88","18.45","17.87","1.95M","2.34%"
"Jan 23, 2018","17.98","17.66","18.09","17.65","1.16M","1.64%"
"Jan 22, 2018","17.69","17.90","17.95","17.67","1.18M","-1.23%"
"Jan 19, 2018","17.91","17.85","17.97","17.58","2.60M","0.79%"
"Jan 18, 2018","17.77","17.76","18.51","17.58","3.01M","-6.77%"
"Jan 17, 2018","19.06","18.96","19.07","18.74","901.06K","0.63%"
"Jan 16, 2018","18.94","19.00","19.24","18.81","1.04M","-0.32%"
"Jan 15, 2018","19.00","18.51","19.07","18.51","513.25K","1.82%"
"Jan 12, 2018","18.66","18.62","18.76","18.57","845.02K","-0.05%"
"Jan 11, 2018","18.67","18.78","18.91","18.57","1.53M","-0.43%"
"Jan 10, 2018","18.75","18.45","18.82","18.42","1.19M","1.85%"
"Jan 09, 2018","18.41","18.06","18.74","18.06","1.26M","1.94%"
"Jan 08, 2018","18.06","18.07","18.23","17.98","537.27K","0.00%"
"Jan 05, 2018","18.06","18.41","18.44","18.04","727.17K","-2.48%"
"Jan 04, 2018","18.52","18.45","18.65","18.34","723.75K","0.38%"
"Jan 03, 2018","18.45","18.50","18.60","18.35","952.20K","-0.16%"
"Jan 02, 2018","18.48","17.87","18.50","17.72","1.21M","4.11%"
"Dec 29, 2017","17.75","17.68","17.83","17.64","569.16K","0.57%"
"Dec 28, 2017","17.65","17.58","17.70","17.57","552.06K","0.51%"
"Dec 27, 2017","17.56","17.55","17.65","17.48","618.47K","0.17%"
"Dec 22, 2017","17.53","17.46","17.61","17.29","796.52K","0.75%"
"Dec 21, 2017","17.40","17.19","17.43","17.00","698.91K","1.10%"
"Dec 20, 2017","17.21","17.17","17.27","16.94","1.10M","0.17%"
"Dec 19, 2017","17.18","16.87","17.25","16.86","1.11M","1.42%"
"Dec 18, 2017","16.94","16.48","17.03","16.48","1.48M","2.85%"
"Dec 15, 2017","16.47","16.49","16.78","16.42","2.99M","0.92%"
"Dec 14, 2017","16.32","16.15","16.69","16.12","1.80M","2.51%"
"Dec 13, 2017","15.92","16.07","16.24","15.88","742.66K","-1.12%"
"Dec 12, 2017","16.10","16.12","16.25","16.05","1.08M","0.06%"
"Dec 11, 2017","16.09","15.89","16.11","15.80","696.41K","1.00%"
"Dec 08, 2017","15.93","15.67","15.94","15.61","933.47K","2.18%"
"Dec 07, 2017","15.59","15.66","15.83","15.54","581.87K","-0.19%"
"Dec 06, 2017","15.62","15.67","15.91","15.57","960.97K","-0.57%"
"Dec 05, 2017","15.71","15.41","15.72","15.29","769.41K","1.95%"
"Dec 04, 2017","15.41","15.54","15.81","15.33","1.05M","-1.41%"
"Dec 01, 2017","15.63","15.81","16.00","15.56","970.34K","0.00%"
"Nov 30, 2017","15.63","15.29","15.70","15.29","1.50M","2.36%"
"Nov 29, 2017","15.27","15.16","15.48","15.16","894.91K","0.86%"
"Nov 28, 2017","15.14","15.13","15.37","15.09","523.02K","-0.20%"
"Nov 27, 2017","15.17","15.40","15.44","15.15","695.24K","-1.62%"
"Nov 24, 2017","15.42","15.50","15.54","15.34","3.67M","-0.26%"
"Nov 23, 2017","15.46","15.44","15.54","15.43","188.12K","0.19%"
"Nov 22, 2017","15.43","15.44","15.56","15.40","878.88K","0.46%"
"Nov 21, 2017","15.36","15.42","15.56","15.26","893.64K","-0.90%"
"Nov 20, 2017","15.50","15.73","15.78","15.49","979.20K","-1.77%"
"Nov 17, 2017","15.78","15.82","15.90","15.72","755.10K","0.13%"
"Nov 16, 2017","15.76","15.93","15.98","15.71","833.66K","-0.76%"
"Nov 15, 2017","15.88","16.19","16.25","15.87","1.06M","-2.28%"
"Nov 14, 2017","16.25","16.39","16.45","16.16","576.23K","-1.46%"
"Nov 13, 2017","16.49","16.61","16.68","16.42","526.88K","-1.14%"
"Nov 10, 2017","16.68","16.90","16.94","16.60","623.93K","-1.48%"
"Nov 09, 2017","16.93","16.63","16.96","16.59","1.01M","1.20%"
"Nov 08, 2017","16.73","16.58","16.76","16.44","743.42K","0.66%"
"Nov 07, 2017","16.62","16.72","16.85","16.38","990.53K","-0.60%"
"Nov 06, 2017","16.72","16.72","16.80","16.60","1.51M","0.12%"
"Nov 03, 2017","16.70","16.68","16.76","16.59","738.85K","0.00%"
"Nov 02, 2017","16.70","16.78","16.88","16.63","473.19K","-0.54%"
"Nov 01, 2017","16.79","16.78","16.99","16.78","788.67K","0.42%"
"Oct 31, 2017","16.72","16.68","16.81","16.68","763.63K","0.12%"
"Oct 30, 2017","16.70","16.53","16.71","16.52","792.52K","1.27%"
"Oct 27, 2017","16.49","16.08","16.51","16.00","1.31M","2.49%"
"Oct 26, 2017","16.09","16.33","16.63","16.07","2.07M","-1.05%"
"Oct 25, 2017","16.26","15.97","16.29","15.97","1.18M","1.50%"
"Oct 24, 2017","16.02","15.83","16.03","15.78","762.83K","1.52%"
"Oct 23, 2017","15.78","15.76","15.88","15.74","413.47K","0.19%"
"Oct 20, 2017","15.75","15.70","15.82","15.69","388.74K","0.32%"
"Oct 19, 2017","15.70","15.68","15.80","15.66","609.14K","-0.32%"
"Oct 18, 2017","15.75","15.85","15.85","15.64","545.81K","-0.32%"
"Oct 17, 2017","15.80","15.73","15.90","15.71","652.26K","0.64%"
"Oct 16, 2017","15.70","15.76","15.84","15.58","570.48K","0.06%"
"Oct 13, 2017","15.69","15.55","15.79","15.53","681.12K","1.62%"
"Oct 12, 2017","15.44","15.64","15.70","15.42","950.01K","-1.91%"
"Oct 11, 2017","15.74","15.65","15.77","15.58","916.70K","-0.88%"
"Oct 10, 2017","15.88","15.72","15.93","15.69","868.09K","1.66%"
"Oct 06, 2017","15.62","15.61","15.70","15.54","801.02K","-0.45%"
"Oct 05, 2017","15.69","15.83","15.86","15.66","1.03M","-0.44%"
"Oct 04, 2017","15.76","15.70","15.91","15.69","762.87K","-0.19%"
"Oct 03, 2017","15.79","15.57","15.87","15.54","864.23K","1.35%"
"Oct 02, 2017","15.58","15.49","15.69","15.40","435.57K","-0.26%"
"Sep 29, 2017","15.62","15.68","15.68","15.55","793.18K","-0.38%"
"Sep 28, 2017","15.68","15.72","15.78","15.52","635.80K","-0.13%"
"Sep 27, 2017","15.70","15.50","15.71","15.42","1.10M","1.62%"
"Sep 26, 2017","15.45","15.48","15.55","15.30","849.17K","-0.26%"
"Sep 25, 2017","15.49","15.30","15.53","15.27","936.43K","1.51%"
"Sep 22, 2017","15.26","15.26","15.31","15.03","821.94K","-0.26%"
"Sep 21, 2017","15.30","15.06","15.41","15.05","917.48K","1.39%"
"Sep 20, 2017","15.09","14.94","15.09","14.74","1.07M","0.60%"
"Sep 19, 2017","15.00","15.00","15.13","14.96","982.60K","0.54%"
"Sep 18, 2017","14.92","14.92","15.07","14.85","768.15K","0.20%"
"Sep 15, 2017","14.89","14.80","15.05","14.75","4.81M","0.74%"
"Sep 14, 2017","14.78","14.66","14.84","14.66","868.18K","1.03%"
"Sep 13, 2017","14.63","14.68","14.69","14.51","1.07M","-0.20%"
"Sep 12, 2017","14.66","14.45","14.70","14.45","850.62K","1.45%"
"Sep 11, 2017","14.45","14.30","14.47","14.30","610.37K","0.70%"
"Sep 08, 2017","14.35","14.55","14.63","14.32","541.54K","-1.44%"
"Sep 07, 2017","14.56","14.62","14.69","14.52","547.32K","-0.75%"
"Sep 06, 2017","14.67","14.70","14.84","14.56","978.58K","0.14%"
"Sep 05, 2017","14.65","14.74","14.83","14.52","648.35K","-0.20%"
"Sep 01, 2017","14.68","14.61","14.74","14.51","350.24K","0.48%"
"Aug 31, 2017","14.61","14.54","14.67","14.49","762.68K","0.69%"
"Aug 30, 2017","14.51","14.49","14.81","14.49","1.29M","-0.27%"
"Aug 29, 2017","14.55","14.39","14.58","14.33","464.92K","0.83%"
"Aug 28, 2017","14.43","14.53","14.53","14.34","360.29K","-0.21%"
"Aug 25, 2017","14.46","14.46","14.62","14.42","518.20K","0.49%"
"Aug 24, 2017","14.39","14.35","14.50","14.28","407.72K","0.00%"
"Aug 23, 2017","14.39","14.15","14.49","14.12","399.51K","1.48%"
"Aug 22, 2017","14.18","14.15","14.31","14.10","602.46K","0.14%"
"Aug 21, 2017","14.16","14.38","14.38","14.15","369.33K","-1.46%"
"Aug 18, 2017","14.37","14.32","14.46","14.23","505.90K","-0.07%"
"Aug 17, 2017","14.38","14.47","14.60","14.37","514.56K","-0.83%"
"Aug 16, 2017","14.50","14.62","14.82","14.48","663.70K","-0.82%"
"Aug 15, 2017","14.62","14.69","14.73","14.56","428.01K","-0.75%"
"Aug 14, 2017","14.73","14.60","14.94","14.53","655.59K","0.82%"
"Aug 11, 2017","14.61","14.52","14.74","14.48","727.96K","0.76%"
"Aug 10, 2017","14.50","14.57","14.67","14.36","771.74K","0.07%"
"Aug 09, 2017","14.49","14.57","14.87","14.46","945.31K","-0.07%"
"Aug 08, 2017","14.50","14.56","14.74","14.46","753.84K","-0.68%"
"Aug 04, 2017","14.60","14.30","14.63","14.24","598.91K","2.38%"
"Aug 03, 2017","14.26","14.57","14.71","14.20","1.04M","-2.73%"
"Aug 02, 2017","14.66","14.28","14.70","14.24","800.23K","2.23%"
"Aug 01, 2017","14.34","14.44","14.54","14.21","600.31K","-0.62%"
"Jul 31, 2017","14.43","14.53","14.67","14.32","689.61K","-1.03%"
"Jul 28, 2017","14.58","14.67","14.75","14.52","548.76K","-0.55%"
"Jul 27, 2017","14.66","14.57","14.76","14.43","711.25K","0.34%"
"Jul 26, 2017","14.61","14.66","14.83","14.55","817.82K","-0.14%"
"Jul 25, 2017","14.63","14.25","14.70","14.25","780.67K","3.61%"
"Jul 24, 2017","14.12","14.23","14.28","14.09","378.13K","-0.63%"
"Jul 21, 2017","14.21","14.73","14.73","14.11","1.04M","-2.74%"
"Jul 20, 2017","14.61","14.83","14.84","14.50","621.03K","-1.15%"
"Jul 19, 2017","14.78","14.32","14.81","14.29","1.07M","3.50%"
"Jul 18, 2017","14.28","14.15","14.34","14.10","678.34K","1.56%"
"Jul 17, 2017","14.06","14.12","14.31","13.99","714.00K","0.00%"
"Jul 14, 2017","14.06","14.34","14.42","13.95","941.03K","-1.47%"
"Jul 13, 2017","14.27","14.20","14.30","14.12","841.47K","0.14%"
"Jul 12, 2017","14.25","14.00","14.33","13.99","1.37M","2.74%"
"Jul 11, 2017","13.87","13.45","13.97","13.40","1.46M","1.76%"